{
  "Delete HTTP Request" : {
    "transaction" : "Delete HTTP Request",
    "sampleCount" : 964,
    "errorCount" : 0,
    "errorPct" : 0.0,
    "meanResTime" : 144.79771784232375,
    "medianResTime" : 15.0,
    "minResTime" : 0.0,
    "maxResTime" : 3241.0,
    "pct1ResTime" : 490.0,
    "pct2ResTime" : 867.75,
    "pct3ResTime" : 1906.8500000000013,
    "throughput" : 7.490345690331704,
    "receivedKBytesPerSec" : 1.3971250262239798,
    "sentKBytesPerSec" : 1.5580504219147
  },
  "Create Item HTTP Request" : {
    "transaction" : "Create Item HTTP Request",
    "sampleCount" : 1064,
    "errorCount" : 0,
    "errorPct" : 0.0,
    "meanResTime" : 173.18139097744356,
    "medianResTime" : 16.0,
    "minResTime" : 0.0,
    "maxResTime" : 5600.0,
    "pct1ResTime" : 636.5,
    "pct2ResTime" : 1066.75,
    "pct3ResTime" : 1863.0999999999958,
    "throughput" : 8.202345068956745,
    "receivedKBytesPerSec" : 2.45109139755934,
    "sentKBytesPerSec" : 2.002525651600768
  },
  "Create Bag HTTP Request" : {
    "transaction" : "Create Bag HTTP Request",
    "sampleCount" : 1064,
    "errorCount" : 0,
    "errorPct" : 0.0,
    "meanResTime" : 264.3167293233084,
    "medianResTime" : 71.0,
    "minResTime" : 4.0,
    "maxResTime" : 4052.0,
    "pct1ResTime" : 852.0,
    "pct2ResTime" : 1139.75,
    "pct3ResTime" : 2041.6999999999907,
    "throughput" : 8.197984405337936,
    "receivedKBytesPerSec" : 2.5698759708139427,
    "sentKBytesPerSec" : 2.0174727247511326
  },
  "Read Item HTTP Request" : {
    "transaction" : "Read Item HTTP Request",
    "sampleCount" : 1059,
    "errorCount" : 0,
    "errorPct" : 0.0,
    "meanResTime" : 566.3068932955618,
    "medianResTime" : 378.0,
    "minResTime" : 116.0,
    "maxResTime" : 5698.0,
    "pct1ResTime" : 1172.0,
    "pct2ResTime" : 1733.0,
    "pct3ResTime" : 2961.0000000000027,
    "throughput" : 8.138328530259367,
    "receivedKBytesPerSec" : 2867.684160362632,
    "sentKBytesPerSec" : 1.4703034942363113
  },
  "Total" : {
    "transaction" : "Total",
    "sampleCount" : 7243,
    "errorCount" : 0,
    "errorPct" : 0.0,
    "meanResTime" : 295.44719039072316,
    "medianResTime" : 71.0,
    "minResTime" : 0.0,
    "maxResTime" : 5828.0,
    "pct1ResTime" : 870.0,
    "pct2ResTime" : 1290.7999999999993,
    "pct3ResTime" : 2427.599999999995,
    "throughput" : 55.61527711657478,
    "receivedKBytesPerSec" : 3322.155239259237,
    "sentKBytesPerSec" : 13.053261941006188
  },
  "Load Test Transaction Controller" : {
    "transaction" : "Load Test Transaction Controller",
    "sampleCount" : 1064,
    "errorCount" : 0,
    "errorPct" : 0.0,
    "meanResTime" : 1953.0159774436079,
    "medianResTime" : 998.0,
    "minResTime" : 81.0,
    "maxResTime" : 12049.0,
    "pct1ResTime" : 5690.0,
    "pct2ResTime" : 7236.5,
    "pct3ResTime" : 9502.049999999996,
    "throughput" : 8.166084654054261,
    "receivedKBytesPerSec" : 3030.514679429372,
    "sentKBytesPerSec" : 12.401268215875515
  },
  "Update Bag HTTP Request" : {
    "transaction" : "Update Bag HTTP Request",
    "sampleCount" : 964,
    "errorCount" : 0,
    "errorPct" : 0.0,
    "meanResTime" : 265.7551867219913,
    "medianResTime" : 32.0,
    "minResTime" : 2.0,
    "maxResTime" : 5645.0,
    "pct1ResTime" : 843.0,
    "pct2ResTime" : 1574.25,
    "pct3ResTime" : 3213.3,
    "throughput" : 7.486273870263806,
    "receivedKBytesPerSec" : 2.33214977013101,
    "sentKBytesPerSec" : 1.8715684675659514
  },
  "Update Item HTTP Request" : {
    "transaction" : "Update Item HTTP Request",
    "sampleCount" : 964,
    "errorCount" : 0,
    "errorPct" : 0.0,
    "meanResTime" : 154.35892116182512,
    "medianResTime" : 19.5,
    "minResTime" : 1.0,
    "maxResTime" : 5828.0,
    "pct1ResTime" : 426.5,
    "pct2ResTime" : 964.0,
    "pct3ResTime" : 1923.3500000000017,
    "throughput" : 7.487029730653329,
    "receivedKBytesPerSec" : 2.2958274760011186,
    "sentKBytesPerSec" : 2.0984155592749074
  },
  "Read Bag HTTP Request" : {
    "transaction" : "Read Bag HTTP Request",
    "sampleCount" : 1064,
    "errorCount" : 0,
    "errorPct" : 0.0,
    "meanResTime" : 431.46616541353296,
    "medianResTime" : 173.5,
    "minResTime" : 12.0,
    "maxResTime" : 4318.0,
    "pct1ResTime" : 1198.0,
    "pct2ResTime" : 1767.75,
    "pct3ResTime" : 3224.099999999992,
    "throughput" : 8.200764582562584,
    "receivedKBytesPerSec" : 156.27927188588683,
    "sentKBytesPerSec" : 1.4735748859292144
  }
}