{
  "Spike Test Transaction Controller" : {
    "transaction" : "Spike Test Transaction Controller",
    "sampleCount" : 769,
    "errorCount" : 0,
    "errorPct" : 0.0,
    "meanResTime" : 2259.2145643693098,
    "medianResTime" : 2000.0,
    "minResTime" : 546.0,
    "maxResTime" : 10534.0,
    "pct1ResTime" : 3987.0,
    "pct2ResTime" : 4571.5,
    "pct3ResTime" : 6683.099999999983,
    "throughput" : 12.595819956758174,
    "receivedKBytesPerSec" : 552.8479436586844,
    "sentKBytesPerSec" : 4.178366904442115
  },
  "Create Item HTTP Request" : {
    "transaction" : "Create Item HTTP Request",
    "sampleCount" : 2273,
    "errorCount" : 0,
    "errorPct" : 0.0,
    "meanResTime" : 904.331280246371,
    "medianResTime" : 885.0,
    "minResTime" : 0.0,
    "maxResTime" : 5668.0,
    "pct1ResTime" : 1877.2000000000003,
    "pct2ResTime" : 2193.399999999998,
    "pct3ResTime" : 3408.6599999999903,
    "throughput" : 17.54467214696461,
    "receivedKBytesPerSec" : 5.2437535578518775,
    "sentKBytesPerSec" : 4.266233754486511
  },
  "Create Bag HTTP Request" : {
    "transaction" : "Create Bag HTTP Request",
    "sampleCount" : 2819,
    "errorCount" : 0,
    "errorPct" : 0.0,
    "meanResTime" : 1256.6903157147906,
    "medianResTime" : 1033.0,
    "minResTime" : 4.0,
    "maxResTime" : 6569.0,
    "pct1ResTime" : 2161.0,
    "pct2ResTime" : 2902.0,
    "pct3ResTime" : 4232.600000000012,
    "throughput" : 21.751878887019863,
    "receivedKBytesPerSec" : 6.82627721878424,
    "sentKBytesPerSec" : 4.8007076449868045
  },
  "Read Item HTTP Request" : {
    "transaction" : "Read Item HTTP Request",
    "sampleCount" : 2028,
    "errorCount" : 0,
    "errorPct" : 0.0,
    "meanResTime" : 1056.8673570019741,
    "medianResTime" : 1028.0,
    "minResTime" : 56.0,
    "maxResTime" : 5507.0,
    "pct1ResTime" : 1951.1000000000001,
    "pct2ResTime" : 2182.0,
    "pct3ResTime" : 3500.1100000000015,
    "throughput" : 15.656362906463269,
    "receivedKBytesPerSec" : 4.632693320955439,
    "sentKBytesPerSec" : 2.4615961210357282
  },
  "Total" : {
    "transaction" : "Total",
    "sampleCount" : 14063,
    "errorCount" : 0,
    "errorPct" : 0.0,
    "meanResTime" : 1152.634004124308,
    "medianResTime" : 1020.0,
    "minResTime" : 0.0,
    "maxResTime" : 8658.0,
    "pct1ResTime" : 2094.0,
    "pct2ResTime" : 2816.0,
    "pct3ResTime" : 4222.520000000004,
    "throughput" : 108.27437000993203,
    "receivedKBytesPerSec" : 6918.295313438344,
    "sentKBytesPerSec" : 23.645206467070363
  },
  "Load Test Transaction Controller" : {
    "transaction" : "Load Test Transaction Controller",
    "sampleCount" : 2050,
    "errorCount" : 0,
    "errorPct" : 0.0,
    "meanResTime" : 6108.362926829278,
    "medianResTime" : 6176.5,
    "minResTime" : 71.0,
    "maxResTime" : 13793.0,
    "pct1ResTime" : 8549.9,
    "pct2ResTime" : 9350.45,
    "pct3ResTime" : 11584.650000000001,
    "throughput" : 15.771899859976305,
    "receivedKBytesPerSec" : 6196.153094478007,
    "sentKBytesPerSec" : 19.317061108418347
  },
  "Update Bag HTTP Request" : {
    "transaction" : "Update Bag HTTP Request",
    "sampleCount" : 1997,
    "errorCount" : 0,
    "errorPct" : 0.0,
    "meanResTime" : 1000.8838257386059,
    "medianResTime" : 944.0,
    "minResTime" : 0.0,
    "maxResTime" : 6554.0,
    "pct1ResTime" : 1885.6000000000001,
    "pct2ResTime" : 2106.6999999999994,
    "pct3ResTime" : 3444.5799999999995,
    "throughput" : 15.424303511983378,
    "receivedKBytesPerSec" : 4.759843661901121,
    "sentKBytesPerSec" : 3.419254782441628
  },
  "Update Item HTTP Request" : {
    "transaction" : "Update Item HTTP Request",
    "sampleCount" : 1983,
    "errorCount" : 0,
    "errorPct" : 0.0,
    "meanResTime" : 969.0206757438222,
    "medianResTime" : 1012.0,
    "minResTime" : 66.0,
    "maxResTime" : 6891.0,
    "pct1ResTime" : 1917.6000000000001,
    "pct2ResTime" : 2145.6,
    "pct3ResTime" : 3182.9600000000005,
    "throughput" : 15.307894797786028,
    "receivedKBytesPerSec" : 4.649175080186968,
    "sentKBytesPerSec" : 3.8568719314734334
  },
  "Read Bag HTTP Request" : {
    "transaction" : "Read Bag HTTP Request",
    "sampleCount" : 2111,
    "errorCount" : 0,
    "errorPct" : 0.0,
    "meanResTime" : 1230.272856466127,
    "medianResTime" : 1246.0,
    "minResTime" : 189.0,
    "maxResTime" : 6905.0,
    "pct1ResTime" : 2204.0,
    "pct2ResTime" : 2466.3999999999996,
    "pct3ResTime" : 3592.680000000001,
    "throughput" : 16.264735341705833,
    "receivedKBytesPerSec" : 6439.1203533713115,
    "sentKBytesPerSec" : 2.5413648971415363
  }
}